city,count
Dublin,65658
Cork,10616
galway,5406
Limerick,5005
Waterford,2214
Wexford,1939
kildare,1631
kilkenny,1594
Sligo,1329
Carlow,1120
Drogheda,1095
Dundalk,994
Tipperary,992
Donegal,920
cavan,887
Tralee,873
athlone,857
Navan,856
Ennis,800
Wicklow,768
letterkenny,767
Mullingar,655
naas,576
Killarney,536
monaghan,535
Castlebar,531
Tullamore,525
longford,522
portlaoise,515
Roscommon,383
Bray,359
Clonmel,341
Ballina,307
derry,246
Swords,217
Nenagh,206
central,205
newbridge,192
celbridge,192
Maynooth,173
Arklow,169
Thurles,164
louth,154
Westport,151
tallaght,151
Lucan,148
Gorey,137
Trim,124
Kells,120
Birr,114
Leitrim,113
Balbriggan,111
Listowel,108
Portarlington,103
Ashbourne,103
Shannon,102
greystones,95
Cobh,94
clare,92
Athy,92
Lusk,91
leixlip,85
Claremorris,84
Enniscorthy,81
Tuam,81
New,Ross
Mallow,72
Carrickmacross,69
carrick-on-shannon,69
Kilcock,68
Blanchardstown,66
Edenderry,60
Cahir,59
Ardee,58
cashel,58
Dungarvan,56
Ballinasloe,55
Boyle,54
Clane,47
Kenmare,46
Enfield,45
Buncrana,45
Malahide,44
Sandyford,43
Clondalkin,43
Strandhill,43
Bandon,42
Castlerea,42
Roscrea,41
Ratoath,41
D?n,Laoghaire
Killorglin,39
Kilrush,38
Blessington,37
Stradbally,36
Scotland,34
Dundrum,34
Ballybofey,33
Fermoy,33
Newcastle,32
Rathcoole,31
london,31
Donabate,30
Bettystown,29
Rathfarnham,29
Mountmellick,27
Charleville,27
dun,laoghaire
Templemore,27
mumbai,27
Athboy,26
Loughrea,26
Mayo,26
Midleton,25
Swinford,25
Carrick,25
new,york
Banagher,25
virginia,23
Dunboyne,23
Moate,23
belfast,22
Gort,22
Mountrath,22
Ballyfermot,22
Bantry,22
Youghal,21
clonsilla,21
Skibbereen,21
Clontarf,21
Ballincollig,20
Athenry,20
Clones,20
Ballyjamesduff,20
Portmarnock,20
blackrock,20
Monasterevan,19
delhi,19
Macroom,19
Boston,19
Kazan,19
chennai,19
Carndonagh,19
tramore,19
crumlin,18
Abbeyleix,18
Delgany,18
Dingle,18
Duleek,18
Rathcormac,18
Sallins,18
Mullinahone,18
Tullow,18
Lismore,18
Clonakilty,18
lifford,18
Straffan,18
Kilcullen,18
Floral,Park
Clara,17
Abbeyfeale,17
Dunshaughlin,17
bangalore,16
castleblayney,16
Coleraine,16
Ballinteer,16
Baldoyle,16
Kinsale,16
Douglas,16
Belmullet,16
Kinnegad,15
Rush,15
Ballymena,15
Clarecastle,15
Ballsbridge,15
Killiney,15
Ballyconnell,15
Bundoran,15
Cabra,15
Castleisland,14
Dalkey,14
LAHORE,14
kolkata,14
Clonee,14
Finglas,14
Stillorgan,14
Rathmines,14
Quin,14
Edgeworthstown,14
Santry,14
Killaloe,14
Kilmallock,14
Island,13
ireland,13
Shankill,13
Oldcastle,13
Glenties,13
Rochestown,13
Ballinrobe,13
Newcastle,West
Castleknock,12
Glenville,12
Drumcondra,12
Bangor,Erris
Oranmore,12
Ballaghaderreen,12
Kinlough,12
Saggart,12
Bunclody,12
Ballybay,12
Kanturk,11
hyderabad,11
Skerries,11
Artane,11
dubai,11
Glenamaddy,11
Cabinteely,11
Kingscourt,11
Carrick-On-Suir,11
Carrigtwohill,11
Sixmilebridge,11
Newmarket,On
Rathnew,11
Curragh,11
Ballyhaunis,11
Bawnboy,10
Sandymount,10
Slane,10
tipp,10
Monkstown,10
Terenure,10
Kilkee,10
Carrigaline,10
Carlingford,10
Scariff,10
Ballymakeery,10
Ballymun,10
Athgarvan,10
jakarta,10
Kilcoole,9
cairo,9
Laytown,9
Tinahely,9
Mitchelstown,9
Adare,9
karachi,9
Castlebridge,9
india,9
Cootehill,9
Dunmanway,8
Ballyneety,8
Ardara,8
Thomastown,8
Howth,8
Carnew,8
Kerry,8
Ballymoney,8
pune,8
Bailieborough,8
Foynes,8
Castledermot,8
Ballyshannon,8
Schenectady,8
Ashford,8
Watergrasshill,8
Rathangan,7
Riyadh,7
Urlingford,7
Passage,West
Lagos,7
Doneraile,7
Taghmon,7
Ballivor,7
Ballymahon,7
Colbinstown,7
Manorhamilton,7
Drumshanbo,7
Ballyboden,7
Rathmolyon,7
Kilbeggan,7
Aghavas,7
Mayo,Abbey
Crossmolina,7
Knock,7
Dunmore,East
Coolock,6
Cappoquin,6
Kilcormac,6
Kiltimagh,6
jeddah,6
accra,6
moville,6
Dunleer,6
Collon,6
Ballybunion,6
hyd,6
Aberdeen,6
Donadea,6
Claregalway,6
birmingham,6
Castleconnell,6
Leopardstown,6
Ardfert,6
Kilmainham,6
manchester,6
Booterstown,6
Gweedore,6
Dromod,6
Mankato,6
Alden,6
Monasterevin,6
Charlestown,6
Cahersiveen,6
egypt,6
Dromahair,6
Tubbercurry,6
Bagenalstown,6
Dungloe,6
ankara,6
Baltinglass,6
loughlinstown,6
Dunlavin,5
Portumna,5
Ballynacargy,5
Niagara,Falls
shenzhen,5
meath,5
los,angeles
Belturbet,5
Amherst,5
Arlington,5
Corrandulla,5
Termonfeckin,5
newry,5
TEHRAN,5
izmir,5
Lanesborough,5
Killybegs,5
Shillelagh,5
Ballycastle,5
stockholm,5
Hospital,5
Spain,5
Granard,5
Shenandoah,5
Drumkeerin,5
Kilcolgan,5
Clonaslee,5
Baltimore,5
china,5
Kill,5
Longwood,5
Albany,5
Courtown,5
Cornafean,5
washington,5
Rockcorry,5
Askeaton,5
Newbliss,5
laois,5
Ballaghadereen,4
Far,Rockaway
Foxrock,4
Kilpedder,4
dublin,city
Ballymore,Eustace
Glen,Oaks
Woodstown,4
offaly,4
miami,4
Rathdowney,4
Rhode,4
Mc,Lean
guangdong,4
lucknow,4
athens,4
Lisdoonvarna,4
Redhills,4
Ballymote,4
Foxford,4
Ballymount,4
oslo,4
Bruff,4
Ballyragget,4
Avoca,4
Donnybrook,4
Inver,4
Newport,4
Durrus,4
Alamo,4
new,delhi
Castlemartyr,4
Gowran,4
shanghai,4
Saints,Island
ahmedabad,4
belgrade,4
Cape,Town
Carrick,On
Ramelton,4
jaipur,4
Atlanta,4
Shercock,4
Farranfore,4
Portlaw,4
Blackpool,4
jinan,4
alex,4
Nobber,4
Sheffield,4
Collooney,4
Balla,4
Kinderhook,4
Paris,4
Ballyvaughan,4
Julianstown,3
Hollymount,3
Greencastle,3
Aughrim,3
Cathair,3
turkey,3
Dayton,3
Allenton,3
Tulla,3
Strokestown,3
Inniskeen,3
Innishannon,3
Newtown,3
Smithfield,3
Freshford,3
istanbul,3
Belzoni,3
johannesburg,3
Kiskeam,3
Quinsborough,3
Abu,dHABI
Sneem,3
Ballybrack,3
Bagdad,3
Long,Island
Lettermore,3
Ackworth,3
Helsinki,3
Melbourne,3
butler,3
Schull,3
Lehinch,3
Walkinstown,3
Culdaff,3
Rathgar,3
bangalore,india,3
Allenwood,3
thailand,3
singapore,3
philippines,3
Mohill,3
Tarbert,3
Glasnevin,3
Daingean,3
Cumberland,3
colombo,3
Derrinturn,3
Milford,3
Malin,3
Indianapolis,3
ARMAGH,3
Springfield,3
sydney,3
Dunmore,3
Turloughmore,3
any,3
Falcarragh,3
dammam,3
noida,3
Ranelagh,3
Binghamton,3
islamabad,3
Bayamon,3
toronto,3
Durban,3
antalya,3
Kilmore,3
cambridge,3
Rathdrum,3
Coolaney,3
Ballybunnion,3
Tobercurry,3
dhaka,3
Donard,3
prosperous,2
DOHA,2
peermahal,2
Cratloe,2
peshawar,2
Scarriff,2
Holland,Drive
Dublin,2
georgia,2
Killashandra,2
Grey,Rock
Leamlara,2
Dudlin,2
Ashland,2
Cedar,Rapids
Wilmington,2
guilin,2
malaysia,2
lincoln,2
Alaska,2
fairfield,2
petrosani,2
Doonbeg,2
Nurney,2
Barna,2
Castlemaine,2
Clogherhead,2
Stepaside,2
Dromore,2
Bridge,End
Carson,2
Kilgarvan,2
Bloomfield,2
irland,2
Mullagh,2
ludhiana,2
Ennistimon,2
Akron,2
sambalpur,2
avon,2
bucuresti,2
GENERAL,SANTOS
vancouver,2
Clermont,2
multan,2
california,2
Drumbilla,2
usa,2
australia,2
Ballybrittas,2
Kinvarra,2
South,Dublin
Raheny,2
Cleveland,2
moskow,2
newmarket,2
Akure,2
Columbia,2
Montgomery,2
jammu,2
kuwait,2
Albert,Lea
tokyo,2
Tomhaggard,2
Whitehall,2
Milltown,Malbay
reading,2
Ferbane,2
Hartstown,2
glasgow,2
Indonesia,2
Tower,2
tallahassee,2
faridabad,2
Greenville,2
chicago,2
casa,2
Autaugaville,2
Louisville,2
n/a,2
auckland,2
zhengzhou,2
Alexandria,2
suva,2
KILKISHEN,2
Ohio,2
ChongQing,2
dablin,2
Stradone,2
austin,2
Templeogue,2
Damascus,2
Clarinbridge,2
Newcastlewest,2
Cork/Dublin,2
Enniskerry,2
Adelaide,2
Montreal,2
Owen,and
ottawa,2
Millstreet,2
Darndale,2
Rathowen,2
Achill,Sound
Kemmerer,2
jordan,2
Moody,2
amsterdam,2
Parkersburg,2
Castletownshend,2
philadelphia,2
Borrisoleigh,2
Jobstown,2
Doon,2
Moneymore,2
Piltown,2
here,2
Blarney,2
rajkot,2
kuala,lumpur
Abbey,2
Bradfordsville,2
Kilbaha,2
Rochfortbridge,2
Arvagh,2
Paradise,2
ny,2
Stamullen,2
manila,2
Mc,Crory
Abington,2
goa,2
Kansas,2
Albion,2
baghdad,2
Galway,City
Sheldon,2
Mountcharles,2
bangkok,2
Riverstown,2
klang,2
Newtown,Mount
Lakeland,2
caracas,2
Raphoe,2
Dooradoyle,2
Saint,Johnston
Greenland,Villas
bristol,2
pickering,2
Frankfort,2
Mountbellew,2
Windsor,2
Palmerstown,2
surat,2
Blacklion,2
Loughton,2
d,2
ca,2
AGADIR,2
emyvale,2
Boher,2
Lisbon,2
hollywood,2
milwaukee,2
amman,2
Amen,2
Ballyconneely,2
Bangor,2
Muff,2
Drimnagh,2
coimbatore,2
Callan,2
Churchtown,2
Termonbarry,2
ap,2
westmeath,2
Castlepollard,2
cochin,2
dallas,2
Drumlish,2
chandigarh,2
Clogher,2
ningbo,2
abuja,2
Montpelier,2
san,juan
Brooklyn,2
napoli,2
n,feroze
Omurtag,1
Seoul,1
Baskett,1
Co.,Limerick
batangas,1
Manassas,1
shanxi,1
naga,1
Monroe,1
detroit,1
Carraroe,1
jubail,1
cork,city
shreveport,1
Camden,Town
krack,1
rew,1
Sefrou,1
zichem,1
Castletownbere,1
lko,1
quebec,1
Crosshaven,1
THESSALONIKH,1
ed,sd
ksa,1
Ballycumber,1
Russian,Side
Carragh,1
Bahau,1
Short,Corville
oradea,1
Mullaghbawn,1
dwi_ght,1
Main,Road
damam,1
Fethard,1
Ukraine,1
Bohola,1
ney,york
Jaddah,1
Paulstown,1
dfhd',1
Doagh,1
nARASAPUR,1
BHOPAL,1
Columbus,1
Carrickroe,1
Wexford,County
Brittas,Bay
vic,1
ui,1
kapiti,1
cochic,1
Omeath,1
frack,1
Dunfanaghy,1
fdh,1
Beaumont,,Dublin
Lugoff,1
kentuky,1
Gortin,1
Oulart,1
peshawar,pakistan.,1
Ford,1
Dulles,1
Ballyhaise,1
Peoria,1
Kisii,1
Castlefinn,1
Trinity,1
yangon,1
Riverstick,1
vellore,1
The,Well
bobotown,1
sandycove,1
Midkiff,1
Limeirck,1
Nassau,1
Ovens,1
kalifornia,1
anoka,1
liuan,1
è¾½æº,1
accara,1
Montross,1
Reykjavik,Icelnd
dakar,1
split,1
tn,1
Nothingham,1
Jamnagar,,India
Yoshkar-Ola,1
hong,kong
ggffg,1
wsdsad,1
Warsaw,1
Raymondville,1
welimada,1
vvincy,1
sdfsdf,1
Wentzville,1
meltaro,1
westin,1
Ketchikan,1
wellington,1
abc,1
dsa,1
ungheni,1
York,1
Elmont,1
abidjan,1
suceava,1
airo,1
Gorham,1
Bowling,Green
Baker,1
Itaperuna,1
Exeter,1
00965,1
vantaa,1
not,far
Sterlitamak,1
Burgin,1
ASASASASASASAS,1
heaven,1
jedah,1
Pensacola,1
hejhej,1
hkjreretretretr,1
tantan,1
Allen,1
oshawa,1
Dewitt,1
Whitestown,1
swat,1
wexfrd,1
Galway,(City)
bokaro,1
dsgsg,1
xini,1
Greenore,1
benson,1
Bartow,1
tippereary,1
Guatemala,1
Grambling,1
rarwalpindi,1
Abie,1
Tara,1
Kety,1
Castle,Island
kurunegala,1
Kidare,1
Reiadh,1
kabul,1
daaden,1
df,1
tobago,1
Lyon's,Cross
ub,1
Santa,Monica
Mornington,1
Varna,1
antwerpen,1
Cong,1
gandhidham,1
malaga,1
Bulawayo,1
dubi,1
ottowa,1
callifornia,1
ontario,1
Caheragh,1
Gormanston,1
kuching,1
Ballinakill,1
Gaza,1
Carbury,1
68000,1
saddd,1
rivertown,1
ronco,1
Network,Enterprise
3432545,1
Clonmellon,1
Bhilwara,1
Brannockstown,1
ewrtw4e5rt,1
Cullohill,1
Blossvale,1
Kentucky,1
Arlington,Heights
Dolphins,Barn
Ashburn,1
Ongar,1
Folly,Beach
Wicklow,Town
Marino,1
gutenham,1
Northern,Point
Antioch,1
Black,Lion
seatlle,1
sex,1
Bruree,1
shaoyang,1
Ballygar,1
Shellsburg,1
South,Park
dharmshala,1
Miltown,Malbay
werw,1
Shannon,Airport
Northern,1
BGRU,1
Bun,1
Millersburg,1
Satara,1
Durrow,1
Hoisington,1
leiden,1
Merrillville,1
beijing,1
dunkirk,1
White,River
fife,1
Ramallah,1
Jamaica,1
gaya,1
haveli,1
WDG,1
jieyang,1
Usak,1
Glenswilly,1
Allenhurst,1
Melburn,1
Garden,City
caca,1
katowice,1
kadapa,1
Gdansk,1
wagga,wagga
pehowa,1
FRRG,1
GONDA,1
indiana,1
hoolywod,1
Crestview,1
shenyang,1
Adelphi,1
ADEL,1
SDZFZ,1
canada,1
21090,1
loly,1
moscow,1
Greytown,1
Wauseon,1
Linden,1
bucharest,1
<belfast,1
plano,1
baotou,1
jaddeh,1
Stuart,1
Baileborough,1
bhopal/indore,1
gfds,1
wickfield,1
Boone,1
Marbella,1
Barnwell,1
Galion,1
STAMFORD,1
forest,junction
matt,1
kelamayi,1
Waterfod,1
sargodha,1
Engiland,1
lockport,1
debln,1
qc,1
Cooter,1
Glanmire,1
3623021978255651324,1
nanan,1
colombus,1
464646,1
South,1
egypte,1
Abbott,1
Brittas,1
Kramatorsk,1
Ballyvourney,1
St.,Ann
dfsfs,1
Killeagh,1
colorado,spring
Ballymakerra,1
harstad,1
Moycullen,1
xiang,tan
Kinnitty,1
asasasa,1
ctyu,1
dade,1
xx,1
malang,1
St,Mullin's
Celtic,Breeze
gdffrt,1
waterford,city
Brandon,1
Templederry,1
TRACEY,1
Courtney's,Way
uk,1
Killucan,1
jojj,1
Glenco,1
Russia,1
Carrick,Retail
madras,1
Aghada,1
jjapur,1
Carlisle,1
lakshmipur,1
Stranorlar,1
fggfrg,1
Ballygowan,1
Guntur,1
Sacramento,,California
thanjavur,1
Ross,1
Knocknahur,1
Aghadoe,1
Anglesborough,1
Ames,1
omagh,1
Desert,1
sdf,1
Clonbur,1
Huntington,1
Fedamore,1
Ray,1
hhh,1
Carn,1
Castletown,1
Bellewstown,1
port,augusta
kol,1
Easky,1
ZS,1
Rome,1
Central,Park
North,Egremont
Pretoria,1
y,1
kibeggan,1
Ajax,1
banglore,1
foshan,1
rosa,1
pakistan,1
Buckner,1
NZ,1
auck,1
uahushdg,1
tartu,1
scarborough,1
tel,aviv
delhi,india,1
Calvin,1
guliboka,1
Amery,1
skibb,1
JALANDHAR,1
pampanga,1
Lazanka,1
Charlotte,1
cameroon,1
Edinburg,1
Dunno,1
Dublin1,1
Tulsa,1
Morocco,1
Martha,1
dd,1
Centralia,1
Slagelse,1
kelowna,,BC
patiala,1
154700,1
flubder,1
Effingham,1
gfhfg,1
dddddd,1
cauro,1
Le,Roy
zimbabwe,1
temecula,1
JiangXi,in
Edinburgh,1
Maize,1
sioux,falls
Armstrong,1
giethoorn,1
karlskrona,1
hampshire,1
wulmq,1
los,angles
suzhou,1
santiago,1
Lodon,1
Winhdoek,1
kilkenny,s
alasad,1
wqed,1
Salthill,1
sindh,1
Alleman,1
Crusheen,1
Yogyakarta,1
majmmah,1
Carnaross,1
Hello,1
Oxford,1
kalowna,1
mashhad,1
Littleton,1
Modesto,1
brooktown,1
dayyer,1
Castlecomer,1
gent,1
Kildalkey,1
Beverly,Hills
mercyside,1
31311,1
geneve,1
Feakle,1
belfast,dublin
Kilbarrick,1
Killoscully,1
heber,springs
Millford,1
Coolgreany,1
koÅ¡ice,1
Bolton,1
midland,1
Kilmacrennan,1
Bombay,1
Shrule,1
Ballyvaghan,1
Tallow,1
ddddd,1
Course,1
viln,1
Palatine,1
utah,1
nasik,1
surin,1
Ballymoe,1
kerala,1
Swan,1
NEW,GELHI,
Garristown,1
guwahati,1
Ballacolla,1
Meridian,1
Aughnacloy,1
Borris-in-Ossory,1
cbe,1
hilo,1
Aghagower,1
abcddefhz,1
Aclare,1
colorado,1
Shinrone,1
jabalpur,1
Pike,1
dablen,1
Malin,Head
Kilglass,1
English,1
sdefg,1
Bypro,1
qiqihaer,1
baoding,1
fes,1
Argillite,1
patna,1
franka,1
salem,1
chang,sha
arongqi,1
kljug,1
larkana,1
st.john's,1
KSRITIANSNANDSND,1
heze,1
glasclow,1
West,1
bangla,1
mum,1
maharashtra,1
zhejiang,1
Roscommom,1
glasow,1
tyjutyujut,1
Sanborn,1
Salida,1
Delhi,,India
chilliwack,1
xxxx,1
Shilanka,1
Litchfield,1
22154,1
harare,1
chandingarh,1
Naples,1
jeedah,1
Osseo,1
waterfor,1
Kuala,Terengganu
Paramount,1
stead,1
Manama,1
jingol,1
jonasburg,1
Bonsall,1
bory,1
MaoMing,1
Pn,1
Purmela,1
white,plains
Portsmouth,1
Northglenn,1
gilibaro,1
charlotown,1
11,1
Dublin,,Clare
staffords,1
Syracuse,1
BA,1
Pikeville,1
CITRUS,HEIGHTS
PA,1
nagpur,1
Newfane,1
calamba,1
Andersonville,1
Laragh,1
a,1
BANKOK,1
Drumkeen,1
City,centre
kANPUR,1
basra,1
Tashkent,1
bronx,1
qter,1
kingston,1
Ballydehob,1
vientiane,1
cincinnati,1
narvik,1
Castletroy,1
gurgaon,1
yabu,1
muscat,1
zzz,1
fod,1
Glenealy,1
calfornia,1
Ringaskiddy,1
ahhhaa,1
na,1
campbellriver,1
sandiego,1
Murroe,1
chigaco,1
Moneygall,1
fallriver,1
Inishannon,1
Clearwater,1
ALkdk,1
Roseville,1
deblein,1
riyad,1
Cloghan,1
elenis,1
tonsend,1
tytytyty,1
Sainte,Genevieve
ryry,1
Lower,Dublin
seddff,1
Castletown-Bearhaven,1
tronto,1
Moat,1
Fulton,1
reykjavik,(Iceland)
Hacketstown,1
landon,1
Thistle,Cross
uhfdu,1
Colorado,Springs
Judge's,Lane
Alton,1
anand,1
The,Greens
Baroda,1
Dunderrow,1
madurai,1
Monrovia,1
Narraghmore,1
Homer,1
khartoum,1
Freeport,1
remoe,1
Shiplake,1
Kilmoganny,1
Ticknock,1
FPO,1
lisabon,1
dan,dong
Jersey,City
winti,1
Avondale,Estates
Dasmarinas,1
ajman,1
Fort,Lauderdale
blnchrades,town
sd,1
Gary,1
Ferguson,1
Bogota,1
Beaufort,1
palakkad,1
wijchen,1
sunyani,1
sulÄ™cin,1
Creston,1
Viola,1
Catano,1
Krakow,1
Constanta,1
Portal,1
Moinesti,1
HIGHLANDS,1
florid,1
kunming,1
you,found
Thornhill,1
yadin,1
belgaum,1
sofia,1
ewerwrewr,1
pyrites,1
bech,1
citayam,1
NoCity,1
syr,1
oslo,norway
bogor,1
Astor,1
washingdon,1
Jacksonville,1
amritsar,1
denpasar,1
Whiting,1
Kordaniayano,1
xys,1
jhb,1
Ranea,1
hama,1
Brisbane,1
DAVAO,1
guangzhou,1
londres,1
dalian,1
Dublin/London,1
can,tho
sTADEN,1
mirpur,1
Saint,Cloud
TP.HCM,1
Waco,1
Bayswater,1
Luangprabang,1
Ferrybank,1
hongkong,1
Frazee,1
limassol,1
tirana,1
England,1
Dungarvan,,1
gkp,1
Merrifield,1
Delvin,1
goose,creek
kingbroad,1
jining,1
za,1
..,1
turin,1
chaska,1
Hammerwich,1
clinton,1
rasht,1
prudenville,1
Quilty,1
Nuernberg,1
vv,1
90064,1
copenhagen,1
corl,1
cardiff,1
L,A
surrey,1
Ballon,1
taibei,1
Leap,1
Castle,1
Ard,1
auburn,1
Cappamore,1
city,1
Craughwell,1
Hial,1
Kilmacanoge,1
irlanb,1
Rathlee,1
bandung,1
Kiltamagh,1
Catbalogan,1
Newtown,Sandes
Alpharetta,1
Garrison,1
carolw,1
cheannu,1
Summerhill,1
fdsgfdgf,1
Port-Harcourt,1
Johnstown,Bridge
Obion,1
caldas,,Portugal
YK,1
qatar,1
Glenbeigh,1
Tipperery,1
Maher's,Cross
fsdfsd,1
South-Side,1
Drumquin,1
Granville,1
Dromineer,1
Vorkuta,1
Thornton,1
Prague,1
bologna,1
lugano,1
County,of
Coan,1
Ft,Myer
casablanca,1
Green,Bay
Landscape,1
kongs,1
Glendalough,1
Huaihua,1
Camber,1
Rockford,1
xiangtan,1
phoenix,1
Alamance,1
Winchester,1
Newross,1
æ·±åœ³,1
Near,Bray
dundalk`,1
Joiner,1
kolhapur,1
belfort,1
Socorro,1
unknown,1
hospet,1
siera,1
weinanshi,1
Wakefield,1
Handley,1
Bamenda,1
Prescott,1
lkjqrwr,1
bandra,1
Duncombe,1
alameda,1
Alexanderia,1
giza,1
student,1
Lewiston,1
Mombasa,1
Wilkes-Barre,1
Florence,1
Mississipi,1
tunisia,1
Woonsocket,1
jodhpur,1
bodo,1
Peru,1
fast,city
Bergen,1
Cynthiana,1
Nanjing,1
MULLINS,1
4556546,1
karaj,1
Barnesville,1
bhilai,1
boasnia,1
Mc,Calla
Crystal,1
bournemouth,1
Sweden,1
Chapelizod,1
rennes,1
herazm,1
honiara,1
Taipei,1
Blanch,,Dublin
jalapa,1
der,alzor
downpatrick,1
Rolla,1
ruforjk,1
New,Quay
ahemdabad,1
Guilin,China,1
Castletownroche,1
LHR,1
radg,1
hjjkh,1
Zagreb,1
co.louth,1
south,haven
Coachford,1
warzazate,1
L42KN,1
belgium,1
SAN,DIEGO,CA
Williamstown,1
hims,1
punta,gorda
Tallanstown,1
aurangabad,1
Bennettsbridge,1
Sutton,1
west,dublin/kildare/meath
Ballycanew,1
cebu,city
New,Inn
Timbuctoo,1
Croghan,1
dddff,1
Test,1
Currow,1
Cheboksary,1
Castlereagh,1
Drangan,1
Bellerose,Terrace
Meskegon,1
bbbb,1
Loo,Bridge
Algoma,1
klerksdorp,1
The,Colony
Texarkana,1
ASDf,1
Mountnugent,1
abudhabi,1
Pickens,1
Burt,1
noway,1
reykjavik,1
The,Lodges
Annapolis,1
Belleville,1
new,jersy
Tatabanya,1
Abbeydorney,1
sydny,1
Lakelands,1
Riverside,1
indore,1
fsdgdfsg,1
Headford,1
Metairie,1
Kerry,Airport
gansu,1
Anny,1
Bleiblerville,1
tnkasi,1
Ballyliffin,1
Conyers,1
Alamosa,1
turin,italy,1
cantaberry,1
deblin,1
Rittman,1
melton,,Australia
Apple,River
srer,west
Gardner,1
US,1
odas,1
Gulfport,1
Valley,Stream
Sonipat,1
greenlick,1
bhuj,1
Bolingbrook,1
Vilnius,1
Rupert,1
nashik,1
dammam,saudi,arabia
Jenkins,1
gz,1
calicut,1
Carbondale,1
Mechelen,1
jifh,1
Tucker,1
Leckrone54,1
Salina,1
amphoe,mueag
Parnell,1
iron,1
burnfoot,1
Flint,1
WESTMINSTER,1
saudi,1
Ã¥lesund,1
tanta,1
Stavanger,1
Merrion,1
Panama,City
Bunnik,1
PRS,1
Inishowen,1
davangere,1
Lahinch,1
fremont,1
Adair,1
wuhan,1
JAMSHEDPUR,1
tunis,1
niderlan,1
Taylorsville,1
Elkhart,1
raipur,1
logdon,1
newyork,1
Prishtina,1
huhehaote,1
ffksafjkla,1
ontaro,1
asdasfas,1
freetown,1
Erbil,1
BARMINGAM,1
Thompson,1
Oilgate,1
landan,1
dixvil,1
Ferns,1
Ballinhassig,1
kualalumpur,1
10010,1
Lawrencetown,1
bari,1
uithj,1
pinewood,1
guelph,1
<<<povoa,de
Scotstown,1
Santa,Clairita
kannur,1
Drumkeeran,1
denver,1
bamako,1
104027,1
Carrowbeg,1
Ballyporeen,1
Geashill,1
afghanistan,1
Man,O'War
haymarket,1
Cloyne,1
libya,1
Knocknagore,1
Sialkot,1
The,Newtown
Ibadan,1
Clonmany,1
meerut,1
Pilot,Knob
Adellvizag,1
Drumraney,1
45te5y66,1
Clifden,1
h,1
DUDB,1
Elphin,1
chelsea,1
Kinvara,1
ReykjavÃ­k,1
Naul,1
Amenia,1
Grenoble,1
Aghaboe,1
McCutcheon,Field
Weston,1
Machias,1
Corofin,1
Abbeville,1
Ahascragh,1
johor,1
waterfront,1
ortona,1
dublin,14
Clonskeagh,1
Reue,1
Kingstown,1
Adamsville,1
roorkee,1
Ballingarry,1
borken,1
Oakdale,1
Monasterboice,1
Drumod,1
Kansas,City
tamilnadu,1
saf,dshf
rtretre,1
Changchun,1
MARDAN,1
Douglasville,1
tizi,ouzou
xinghua,1
kakinada,1
Cherryfield,1
george,town
halp,1
angels,1
Fujian,1
jilin,1
huge,1
Wauseonllas,1
motru,1
tonk,1
kars,1
jogja,1
ohawa,1
riga,1
Savannah,1
Mongolia,1
Carroll,1
Nowshera,1
azx,1
shijiazhuang,1
Tisch,Mills
hjvj,1
asdoo,1
Hickory,1
Amphoe,Mueang
CHANGZHOU,1
dontknow,1
SAMSUN,1
Warda,1
Ulaanbaatar,1
LA,1
New,Jersey
Dunnellon,1
Enniskillen,1
missgigag,1
norway,1
Ballyleary,1
steel,1
Worcester,1
Phan,thiet
Brighton,1
jerusalem,1
sangli,1
LONDRA,1
Arthurdale,1
Brookhaven,1
HH,1
Franklin,Square
Gothenburg,1
beirut,1
_,1
newark,1
wuxi,1
hcm,1
