tamarind.ie,2
cuvox.de,3
outlook.fr,4
47gmail.com,5
armyspy.com,6
the-sun.ie,7
myclick.ie,8
yahoo.co.ir,9
3mail.ie,10
drdrb.com,11
ail.com,12
student.lit.ie,13
drdrb.net,14
umail.ucc.ie,15
gmil.com,16
nokiamail.com,17
gmsil.com,18
live.it,19
onet.pl,20
sky.com,21
rmqkr.net,22
hotmai.com,23
test.com,24
gamil.com,25
trbvm.com,26
upcmail.ie,27
yahoo.in,29
mail.ie,30
avidlifemedia.com,31
mail.dcu.ie,32
poczta.fm,33
naver.com,34
mycit.ie,35
yahoo.com.au,36
onet.eu,37
hotmail.con,39
rambler.ru,40
gmai.com,41
live.fr,42
one.lt,43
yahoo.it,44
02.ie,45
yahoo.co.id,46
vp.pl,47
yahoo.es,48
inbox.com,51
freemail.hu,52
seznam.cz,58
yopmail.com,59
facebook.com,61
hotmail.ie,63
abv.bg,70
tcd.ie,74
iolfree.ie,80
btinternet.com,82
gmail.ie,83
op.pl,87
sharklasers.com,88
topmail.ie,92
azet.sk,94
email.com,97
rediffmail.com,98
qq.com,101
interfed.avidlifemedia.com,108
mailnesia.com,111
163.com,112
hotmail.fr,115
yahoo.fr,118
campus.ie,123
breakthru.com,126
interia.pl,131
mailinator.com,133
mail.ru,138
hushmail.com,147
googlemail.com,149
o2.ie,150
ireland.com,151
ovi.com,152
iol.ie,166
icloud.com,177
outlook.ie,185
yahoo.co.in,188
studentmail.ul.ie,190
inbox.lv,203
me.com,204
dispostable.com,224
o2.pl,243
vodafone.ie,274
gmx.com,342
wp.pl,347
aol.com,373
msn.com,403
rocketmail.com,501
live.co.uk,631
outlook.com,975
mail.com,1085
almlabs.com,1180
ymail.com,1187
live.com,1391
hotmail.co.uk,2080
eircom.net,3288
live.ie,3532
yahoo.co.uk,4105
yahoo.ie,4826
yahoo.com,12746
hotmail.com,27250
gmail.com,43189

